;code UAI;n° SIRET;type d'établissement;nom;sigle;statut;tutelle;université;boîte postale;adresse;CP;commune;commune (COG);cedex;téléphone;arrondissement;département;académie;région;région (COG);longitude (X);latitude (Y);début portes ouvertes;fin portes ouvertes;commentaires portes ouvertes;lien site onisep.fr;;photo-batiment;photo-proviseur;photo-class;;;;;;;;
;0750686N;19750686800011;Lycée;Ecole Estienne;ESAIG;Public;Ministère chargé de l'Éducation nationale;;;18 boulevard Auguste Blanqui;75013;Paris;75113;;01 55 43 47 47;13;Paris;Paris;Ile-de-France;11;2,3525936901569;48,830650819316;02/02/2018;03/02/2018;;www.onisep.fr/http/redirection/etablissement/identifiant/420;;https://upload.wikimedia.org/wikipedia/commons/thumb/8/84/%C3%89cole_Estienne_Paris.JPG/220px-%C3%89cole_Estienne_Paris.JPG;https://i.ytimg.com/vi/sfCZ1wliq7k/maxresdefault.jpg;http://www.ecole-estienne.paris/wp-content/uploads/2018/05/the-shasha-project9-480x319.jpg;;;;;;;;
;0750710P;19750710600015;Lycée;Lycée technologique d'Arts appliqués Auguste Renoir;;Public;Ministère chargé de l'Éducation nationale;;;24 rue Ganneron;75018;Paris;75118;;01 40 08 45 60;18;Paris;Paris;Ile-de-France;11;2,32835;48,887062;02/02/2018;03/02/2018;;www.onisep.fr/http/redirection/etablissement/identifiant/551;;https://www.fcpe75.org/wp-content/uploads/2015/12/Lycee_Renoir.png;https://www.psl.eu/sites/default/files/styles/temoign_small/public/2017-06/trombi_E.Husson_PSL_17.jpg?itok=PsxKUIrI;https://img.lemde.fr/2018/03/20/0/0/5568/3712/534/0/60/0/c6abcf9_6126-hlcpwy.pxatu.jpg;;;;;;;;
;0752937K;31977275200014;Lycée;Ecole internationale bilingue-Etoile;;Privé sous contrat;Ministère chargé de l'Éducation nationale;;;9 rue Villaret de Joyeuse;75017;Paris;75117;;01 45 63 30 73;17;Paris;Paris;Ile-de-France;11;2,305414;48,873128;;;;www.onisep.fr/http/redirection/etablissement/identifiant/888;;http://www.journaldunet.com/economie/les-dix/lycees-prives-paris-chers/eab-ok.jpg;http://photo.eibparis.info/media/s/907/9075/lyceepresentation10_550_550.jpg;http://photo.eibparis.info/media/s/891/8914/awardsceremonyofthearts&s_550_550.jpg;;;;;;;;
;0753842U;78428088500020;Lycée;Lycée privé Notre-Dame de Sion;;Privé sous contrat;Ministère chargé de l'Éducation nationale;;;61 rue Notre-Dame des Champs;75006;Paris;75106;;01 44 32 06 70;06;Paris;Paris;Ile-de-France;11;2,330881;48,843762;;;;www.onisep.fr/http/redirection/etablissement/identifiant/1188;;http://www.sion-paris.fr/qui-sommes-nous/cour-lycee/image_preview;https://lepetitjournal.com/sites/default/files/styles/main_article/public/2018-03/IMG_2908.jpg?itok=PaICqqx0;https://img.20mn.fr/pl3YfNCzRd-OsNsjp46bJQ/830x532_761701-candidats-passent-baccalaureat-annee;;;;;;;;
;0750683K;19750683500010;Lycée;Lycée Claude Monet;;Public;Ministère chargé de l'Éducation nationale;;;1 rue du Docteur Magnan;75013;Paris;75113;;01 56 61 90 00;13;Paris;Paris;Ile-de-France;11;2,362321;48,827518;;;;www.onisep.fr/http/redirection/etablissement/identifiant/1194;;https://www.fcpe75.org/wp-content/uploads/2015/12/Lyc%C3%A9e-Monet-3-e1471266768378.jpg;https://www.diplomatie.gouv.fr/local/cache-vignettes/L800xH533/815dba8f6b0f6e965541f0a027733f-0d6fc.jpg?1510919074;https://www.euractiv.fr/wp-content/uploads/sites/3/2015/04/cce3eaawiaargpf.jpeg;;;;;;;;
;0750663N;19750663700010;Lycée;Lycée Chaptal;;Public;Ministère chargé de l'Éducation nationale;;;45 boulevard des Batignolles;75008;Paris;75108;;01 45 22 76 95;08;Paris;Paris;Ile-de-France;11;2,320189;48,88192;10/03/2018;10/03/2018;en matinée. JPO réservée aux élèves de terminale candidats à une CPGE;www.onisep.fr/http/redirection/etablissement/identifiant/1770;;https://files1.structurae.de/files/photos/64/paris_8eme_arrondissement/dscf0018.jpg;https://media.licdn.com/dms/image/C4E03AQEpBguuojgyrQ/profile-displayphoto-shrink_200_200/0?e=1529881200&v=beta&t=MNbQk7uHROKthtqxbaVbZtromBbR6qX3B4hIThtmyp0;http://md1.libe.com/photo/161598-photo-prise-le-18-juin-2009-des-eleves-de-terminale-lors-de-l-epreuve-de-philosophie-du-baccalaureat.jpg?modified_at=1308071525&width=960;;;;;;;;
;0750689S;19750689200011;Lycée;Lycée Paul Bert;;Public;Ministère chargé de l'Éducation nationale;;;7 rue Huyghens;75014;Paris;75114;;01 43 20 32 64;14;Paris;Paris;Ile-de-France;11;2,328556;48,840783;24/03/2018;24/03/2018;;www.onisep.fr/http/redirection/etablissement/identifiant/2104;;https://img.bfmtv.com/c/1000/600/9c4/6d9c54da697650b198c3393e36ec9.png;http://lvdneng.rosselcdn.net/sites/default/files/dpistyles_v2/ena_16_9_extra_big/2018/01/15/node_297607/35961446/public/2018/01/15/B9714417277Z.1_20180115171908_000%2BG41AGF8EL.1-0.jpg?itok=ob3CRP7Y;https://www.u-paris2.fr/sites/default/files/styles/1172_465_article_top/public/photo_image/2011_cap_en_fac_lycee_bergson.jpg?itok=zF5ewKU7;;;;;;;;
;0750708M;19750708000012;Lycée;Lycée Jean Drouant;;Public;Ministère chargé de l'Éducation nationale;;;20 rue Médéric;75017;Paris;75117;;01 56 21 01 01;17;Paris;Paris;Ile-de-France;11;2,303639;48,880789;;;;www.onisep.fr/http/redirection/etablissement/identifiant/548;;http://s1.lprs1.fr/images/2016/04/03/5683327_6562da3c-f981-11e5-a4b1-f6e2213c45cf-1_1000x625.jpg;https://hospitality-on.com/sites/default/files/styles/image994x499/public/import/contenu/arton8893.jpg?itok=mXSWMFC6;https://www.lhotellerie-restauration.fr/journal/formation-ecole/2015-12/img/_aro0037.jpg;;;;;;;;
;0754684J;19754684900013;Lycée;Lycée Georges Brassens;;Public;Ministère chargé de l'Éducation nationale;;;40 rue Manin;75019;Paris;75119;;01 42 08 66 31;19;Paris;Paris;Ile-de-France;11;2,386265;48,884279;;;;www.onisep.fr/http/redirection/etablissement/identifiant/1240;;https://www.challenges.fr/assets/img/2016/03/30/images_list-r4x3w1000-58d2546db94a7-lycee-george-brassens.jpg;http://www.lessonnien.fr/wp-content/uploads/IMG_0005.jpg;https://cdn.radiofrance.fr/s3/cruiser-production/2018/01/1be9eee7-03ee-4fd9-bf89-8829b971d198/870x489_dsc_0608.jpg;;;;;;;;
;0753887T;78444836700036;Lycée;Lycée privé Bossuet Notre-Dame;;Privé sous contrat;Ministère chargé de l'Éducation nationale;;;17 rue Yves Toudic;75010;Paris;75110;;01 42 08 01 47;10;Paris;Paris;Ile-de-France;11;2,363632;48,870102;;;;www.onisep.fr/http/redirection/etablissement/identifiant/10;;http://www.bossuetnotredame.org/web/images/523_pic.jpg;http://image-uniservice.reseau.journaldunet.com/image/450/4771230518/1475573.jpg;http://www.bossuetnotredame.org/web/images/448.JPG;;;;;;;;
;0751708Z;19751708900011;Lycée;Lycée Louis Armand;;Public;Ministère chargé de l'Éducation nationale;;;16 bis avenue Marc Sangnier;75014;Paris;75114;;01 45 57 51 50;14;Paris;Paris;Ile-de-France;11;2,285231;48,837448;;;;www.onisep.fr/http/redirection/etablissement/identifiant/1230;;http://s1.lprs1.fr/images/2017/09/14/7260804_d5793712-993a-11e7-96e9-5398a27535e0-1_1000x625.jpg;http://www.saerp.fr/wp-content/uploads/2017/09/Photo-Labb%C3%A9-Louis-Armand.jpg;https://pbs.twimg.com/media/DPVjpqyWAAEjXvK.jpg;;;;;;;;
;0750675B;19750675100019;Lycée;Lycée Voltaire;;Public;Ministère chargé de l'Éducation nationale;;;101 avenue de la République;75011;Paris;75111;;01 55 28 08 08;11;Paris;Paris;Ile-de-France;11;2,384124;48,863463;;;;www.onisep.fr/http/redirection/etablissement/identifiant/1706;;http://image-parcours.copainsdavant.com/image/750/1263122089/4061379.jpg;http://lvdneng.rosselcdn.net/sites/default/files/dpistyles_v2/ena_16_9_extra_big/2016/08/30/node_39484/898256/public/2016/08/30/B979568111Z.1_20160830161524_000%2BG6H7GQCEB.5-0.jpg?itok=LOE-ykbL;http://www.alteregoratio.org/wp-content/uploads/2018/01/goni-e1516360628171-1020x600.jpg;;;;;;;;
;0750651A;19750651200015;Lycée;Lycée Simone Weil;;Public;Ministère chargé de l'Éducation nationale;;;7 rue de Poitou;75003;Paris;75103;;01 48 87 37 74;03;Paris;Paris;Ile-de-France;11;2,364006;48,8614;;;;www.onisep.fr/http/redirection/etablissement/identifiant/1714;;http://monlycee.net/app/webroot/img/111118_1.jpg;https://lh3.googleusercontent.com/Ck_S5cxvYPQ82qNu8NPTQUKwL-z6iLjSHHmUJQpS_3QXgFxWuWEb9OxVOJem2n2hTkF4_08I1WB2ZL0rV-gBHxIhXVymHzjjnLM9s54-e_M-95lfumNkwYtTehLnQSZnVaDtLUsfjw;http://www.lycee-simone-weil.fr/web/uploads/img/nouveaute/d5215fb7629c594c4bb14b1a4bd5494d.jpg;;;;;;;;
;0753935V;78441123300025;Lycée;Lycée privé Georges Leven;;Privé sous contrat;Ministère chargé de l'Éducation nationale;;;30 boulevard Carnot;75012;Paris;75112;;01 44 73 80 60;12;Paris;Paris;Ile-de-France;11;2,413;48,84376;;;;www.onisep.fr/http/redirection/etablissement/identifiant/2109;;http://www.geprif-social.fr/sites/default/files/geprif/fiche_realisation/photo/lycee_leven_paris_12_3_0.jpg;https://encrypted-tbn0.gstatic.com/images?q=tbn:ANd9GcSxVCva9TPsMXYCYq7Ky5bsPzRnWnhAE4YmMq2cSC0NzFpoLR7H1Q;https://www.aiu.org/sites/default/files/IMG_0430.JPG;;;;;;;;
;0754239A;78475421000028;Lycée;Lycée polyvalent privé Saint Jean de Montmartre;;Privé sous contrat;Ministère chargé de l'Éducation nationale;;;31 rue Caulaincourt;75018;Paris;75118;;01 46 06 03 08;18;Paris;Paris;Ile-de-France;11;2,333761;48,887996;23/03/2018;23/03/2018;"de 14h à 17h ; autres portes ouvertes le 20 mai et le 26 mai 2018 de 10h à 17h";www.onisep.fr/http/redirection/etablissement/identifiant/4;;https://www.justacote.com/photos_entreprises/groupe-scolaire-saint-jean-de-montmartre-paris-1465231973100.jpg;http://www.ancienshoche.org/wp-content/uploads/2015/02/gilbert-guislain-300x225.jpeg;https://www.lycee-stjeandemontmartre.com/wp-content/uploads/sites/56/2018/04/Capture-d%E2%80%99%C3%A9cran-2018-04-23-%C3%A0-15.43.57.png;;;;;;;;
;0750681H;19750681900014;Lycée;Lycée-ESAA-Ecole Boulle;;Public;Ministère chargé de l'Éducation nationale;;;9 rue Pierre Bourdan;75571;Paris;75112;Cedex 12;01 44 67 69 67;12;Paris;Paris;Ile-de-France;11;2,391141;48,847194;;;;www.onisep.fr/http/redirection/etablissement/identifiant/555;;http://belairsud.blogspirit.com/media/01/02/1738560643.JPG;https://www.superprof.fr/images/annonces/professeur-home-cours-tapisserie-maitre-artisan-metiers-art-diplome-ecole-boulle-donnes-boutique-atelier.jpg;http://4.bp.blogspot.com/-LYtaxPKmBjs/Vm8JtPSJNqI/AAAAAAAAXXU/08C50036Sjw/s1600/20151214_101201.jpg;;;;;;;;
;0750705J;19750705600012;Lycée;Lycée international de Paris Honoré de Balzac;;Public;Ministère chargé de l'Éducation nationale;;;118 boulevard Bessières;75017;Paris;75117;;01 53 11 12 13;17;Paris;Paris;Ile-de-France;11;2,316591;48,895448;;;;www.onisep.fr/http/redirection/etablissement/identifiant/705;;http://gretametehor.com/wp-content/uploads/2016/09/Honore-de-Balzac.jpg;http://4.bp.blogspot.com/-AqV3m7Nfgds/T3TMX4251FI/AAAAAAAAAEs/RhimszCtXI8/s1600/BALZAC+27.jpg;http://cache.media.education.gouv.fr/image/03-lycee_G_et_T/29/9/047513_66299.jpg;;;;;;;;
;0750667T;19750667800014;Lycée;Lycée Condorcet;;Public;Ministère chargé de l'Éducation nationale;;;8 rue du Havre;75009;Paris;75109;;01 48 74 25 95;09;Paris;Paris;Ile-de-France;11;2,326766;48,874732;20/01/2018;20/01/2018;"pour les CPGE ; de 9h à 12h pour les CPGE scientifiques et de 14h à 17h pour les CPGE littéraires";www.onisep.fr/http/redirection/etablissement/identifiant/1195;;https://files1.structurae.de/files/photos/64/paris_9eme_arondissement/p1170419.jpg;http://www.lvhpog.com/lvhv2/wp-content/uploads/2016/09/20170911_130334.jpg;https://photos.lci.fr/images/613/344/salle-de-classe-lycee-illustration-4161d3-0@1x.jpeg;;;;;;;;
;0750698B;19750698300018;Lycée;Lycée Claude Bernard;;Public;Ministère chargé de l'Éducation nationale;;;1 avenue du Parc des Princes;75016;Paris;75116;;01 46 51 16 63;16;Paris;Paris;Ile-de-France;11;2,25475;48,841973;;;;www.onisep.fr/http/redirection/etablissement/identifiant/2105;;http://gretametehor.com/wp-content/uploads/2016/09/Claude-Bernard.jpg;http://www.llb.school/ressources/images/6f86dbfa5e9b.jpeg;https://blogs.swarthmore.edu/its/wp-content/uploads/2017/04/active-learning-17c4bho-1600x768.jpeg;;;;;;;;
;0750657G;19750657900014;Lycée;Lycée Montaigne;;Public;Ministère chargé de l'Éducation nationale;;;17 rue Auguste Comte;75006;Paris;75106;;01 44 41 83 23;06;Paris;Paris;Ile-de-France;11;2,333176;48,844382;24/01/2018;24/01/2018;à partir de 14h, pour les CPGE uniquement. Autres portes ouvertes pour le lycée : samedi 17/03/2018;www.onisep.fr/http/redirection/etablissement/identifiant/2618;;https://upload.wikimedia.org/wikipedia/commons/thumb/1/14/Lyc%C3%A9e_Montaigne_01.jpg/1200px-Lyc%C3%A9e_Montaigne_01.jpg;http://www.llb.school/ressources/images/97b48c8deaad.jpg;http://www.abc.net.au/news/image/9119406-3x2-940x627.jpg;;;;;;;;
;0750660K;19750660300012;Lycée;Lycée Fénelon;;Public;Ministère chargé de l'Éducation nationale;;;2 rue de l'Eperon;75006;Paris;75106;;01 44 41 18 88;06;Paris;Paris;Ile-de-France;11;2,340877;48,853264;;;;www.onisep.fr/http/redirection/etablissement/identifiant/3602;;https://upload.wikimedia.org/wikipedia/commons/2/26/Lyc%C3%A9e_F%C3%A9nelon_%28Paris%29_-_annexe.jpg;http://s1.lprs1.fr/images/2016/09/07/6099679_1-0-552591771.jpg;https://i.ytimg.com/vi/5nViG4vVla4/maxresdefault.jpg;;;;;;;;
;0754860A;;Lycée;Lycée privé Thérèse Chappuis;;Privé sous contrat;Ministère chargé de l'Éducation nationale;;;52 rue Vaneau;75007;Paris;75107;;01 53 63 26 35;07;Paris;Paris;Ile-de-France;11;2,319396;48,850887;04/04/2018;04/04/2018;ou 11/04/2018 de 14h à 16h;www.onisep.fr/http/redirection/etablissement/identifiant/4529;;https://upload.wikimedia.org/wikipedia/commons/thumb/9/9a/Lyc%C3%A9e-Saint-Jean-de-Passy-Paris-1.jpg/640px-Lyc%C3%A9e-Saint-Jean-de-Passy-Paris-1.jpg;https://www.ouest-france.fr/sites/default/files/styles/image-900x500/public/2013/09/30/un-nouveau-proviseur-au-lycee-les-bourdonnieres.jpg?itok=EkYikC5U;https://arierumarusera.files.wordpress.com/2011/07/dsc02791.jpg;;;;;;;;
;0753941B;78466211600036;Lycée;Lycée privé Gerson;;Privé sous contrat;Ministère chargé de l'Éducation nationale;;;31 rue de la Pompe;75016;Paris;75116;;01 45 03 81 00;16;Paris;Paris;Ile-de-France;11;2,275171;48,86078;;;;www.onisep.fr/http/redirection/etablissement/identifiant/5167;;http://medias-presse.info/wp-content/uploads/2014/04/lyc%C3%A9e-gerson.jpg;https://www.lyc-dumas-ales.ac-montpellier.fr/sites/lyc-dumas-ales/files/medias_permanents/martinez_0.jpg;https://encrypted-tbn0.gstatic.com/images?q=tbn:ANd9GcQ3hmkelADlCRsmXQzvefyuc0RJcbivPvPCTPc419_mO_0rMR9P;;;;;;;;
;0750662M;19750662900017;Lycée;Lycée Victor Duruy;;Public;Ministère chargé de l'Éducation nationale;;;33 boulevard des Invalides;75007;Paris;75107;;01 40 62 31 31;07;Paris;Paris;Ile-de-France;11;2,314981;48,854446;;;;www.onisep.fr/http/redirection/etablissement/identifiant/5912;;https://upload.wikimedia.org/wikipedia/commons/thumb/a/a6/Facade_lyc%C3%A9e_Victor-Duruy_1.jpg/1200px-Facade_lyc%C3%A9e_Victor-Duruy_1.jpg;http://cdn.programme-television.org/var/premiere/storage/images/tele-7-jours/news-tv/christophe-salengro-le-president-du-groland-est-decede-a-64-ans-4570256/94203068-1-fre-FR/Christophe-Salengro-le-president-du-Groland-est-decede-a-64-ans_news_full.jpg;https://secure.i.telegraph.co.uk/multimedia/archive/01810/school_1810350c.jpg;;;;;;;;
;0750715V;19750715500012;Lycée;Lycée Maurice Ravel;;Public;Ministère chargé de l'Éducation nationale;;;89 cours de Vincennes;75020;Paris;75120;;01 44 64 87 40;20;Paris;Paris;Ile-de-France;11;2,408227;48,847617;10/02/2018;10/02/2018;;www.onisep.fr/http/redirection/etablissement/identifiant/6513;;http://www.lycee-maurice-ravel.fr/wp-content/uploads/cite-maurice-ravel.jpg;https://assets.vice.com/content-images/contentimage/no-slug/640fe10fad351a8afbdb26e8de1ea9da.jpg;https://cdn.cnn.com/cnnnext/dam/assets/151016123628-02-julian-germain-classroom-super-169.jpg;;;;;;;;
;0752546K;19752546200010;Collège;Collège Camille Sée;;Public;Ministère chargé de l'Éducation nationale;;;11 rue Léon Lhermitte;75015;Paris;75115;;01 48 28 13 37;15;Paris;Paris;Ile-de-France;11;2,296677;48,842878;;;;;;https://www.saintlambert.paris/photo/art/default/8481732-13329318.jpg?v=1447837717.jpg;https://easyreadernews.com/wp-content/uploads/2014/02/charles1-600x397.jpg;http://www.cdispaces.ca/files/school-furniture/movement-in-the-classroom.jpg;;;;;;;;
;0752545J;19752545400017;Collège;Collège Buffon;;Public;Ministère chargé de l'Éducation nationale;;;16 boulevard Pasteur;75015;Paris;75115;;01 44 38 78 70;15;Paris;Paris;Ile-de-France;11;2,312298;48,842992;;;;;;https://www.fcpe75.org/wp-content/uploads/2015/12/buffon.jpg;http://blackdaleschool.org/jpg/Principal%20in%20his%20Office.JPG;https://www.teachthought.com/wp-content/uploads/2014/05/tulanepublicrelations-formative-data-sources.jpg;;;;;;;;
;0752920S;30812697800029;Collège;Collège privé Massillon;;Privé sous contrat;Ministère chargé de l'Éducation nationale;;;2 bis quai des Célestins;75004;Paris;75104;;01 53 01 91 60;4;Paris;Paris;Ile-de-France;11;2,362507;48,851286;;;;;;https://upload.wikimedia.org/wikipedia/commons/thumb/5/5a/Ecole_Massillon_Quai_des_C%C3%A9lestins_2.jpg/1200px-Ecole_Massillon_Quai_des_C%C3%A9lestins_2.jpg;https://bloximages.chicago2.vip.townnews.com/ithaca.com/content/tncms/assets/v3/editorial/e/88/e886d300-3605-11e4-8786-001a4bcf887a/540b714d9ee79.image.jpg;https://www.fairmontflyer.com/wp-content/uploads/2013/09/21st-Classroom-Final-for-Web-copy-525x350.jpg;;;;;;;;
;0752897S;78466215700014;Collège;Collège privé de la Tour;;Privé sous contrat;Ministère chargé de l'Éducation nationale;;;86 rue de la Tour;75016;Paris;75116;;01 45 04 73 35;16;Paris;Paris;Ile-de-France;11;2,278679;48,861552;;;;;;http://collegeta.fr/wp-content/uploads/2016/10/entree_college-ta.jpg;http://foothilldragonpress.org/wp-content/uploads/Cohen@Deskposed-759x500.jpg;https://theblacksheeponline.com/wp-content/uploads/2017/01/SI-2255-classroom.detail.jpg;;;;;;;;
;0752906B;78425931900019;Collège;Collège privé Yabné;;Privé sous contrat;Ministère chargé de l'Éducation nationale;;;29 avenue Léon Bollée;75013;Paris;75113;;01 44 24 85 85;13;Paris;Paris;Ile-de-France;11;2,362238;48,81798;;;;;;http://www.lefigaro.fr/medias/2013/04/15/PHO9fae13ca-a5cc-11e2-80f6-a3a53a5a4c92-805x453.jpg;http://bondotti.ac.ke/wp-content/uploads/2015/08/The-Principle-Mr-Peter-Omondi-in-his-office.jpg;https://www.2020spaces.com/wp-content/uploads/2017/10/classroom.jpg;;;;;;;;
;0752926Y;78466211600028;Collège;Collège privé Gerson;;Privé sous contrat;Ministère chargé de l'Éducation nationale;;;31 rue de la Pompe;75016;Paris;75116;;01 45 03 81 00;16;Paris;Paris;Ile-de-France;11;2,275171;48,86078;;;;;;https://www.batiactu.com/images/auto/620-465-c/20180209_164008_facade-saint-lycee-hulst-credits-photo-cyrus-cornut.jpg;https://hilite.org/wp-content/uploads/2015/09/Beat.Photo_.jpg;http://www.radioslatina.hr/wp-content/uploads/2018/01/u%C4%8Denici-osnovna-%C5%A1kola-ilustracija.jpg;;;;;;;;
;0752694W;19752694000014;Collège;Collège Camille Claudel;;Public;Ministère chargé de l'Éducation nationale;;;4 bis avenue de Choisy;75013;Paris;75113;;01 56 61 72 50;13;Paris;Paris;Ile-de-France;11;2,360162;48,825909;;;;;;http://lyc-jules-ferry.scola.ac-paris.fr/wp-content/uploads/2013/06/vue-jules-ferry.jpg;http://www.huntingtoncountytab.com/sites/default/files/styles/scale500w/public/feature/Parsons.feature4645.jpg;http://www.designshare.com/dbadmin/upload/projects/1/502/General_Classroom_6.jpg;;;;;;;;
;0752252R;19752252700013;Collège;Collège Hector Berlioz;;Public;Ministère chargé de l'Éducation nationale;;;17 rue Georgette Agutte;75018;Paris;75118;;01 46 27 33 85;18;Paris;Paris;Ile-de-France;11;2,33292;48,895798;;;;;;http://lycee-felix-mayer.com/images/etablissement/lycee-polyvalent-felix-mayer-creutzwald-cour-3.jpg;http://themolokainews.com/wp-content/uploads/2010/09/dsc_0148.jpg;https://news.virginia.edu/sites/default/files/styles/uva_basic_article/public/article_image/stree_law.jpg?itok=5rMPeL7Z.jpg;;;;;;;;
;0752194C;19752194100017;Collège;Collège Janson de Sailly-site Delacroix;;Public;Ministère chargé de l'Éducation nationale;;;13 rue Eugène Delacroix;75016;Paris;75116;;01 45 04 33 54;16;Paris;Paris;Ile-de-France;11;2,277863;48,862731;;;;;;http://paris1900.lartnouveau.com/paris05/ecoles/lycee_louis_le_grand/actuel/1lllg3.JPG;http://tamnews.org/wp-content/uploads/2012/10/LynchOnline.jpg;https://static01.nyt.com/images/2017/08/13/nyregion/13MASTERY/13MASTERY-articleLarge.jpg;;;;;;;;
;0752555V;19752555300016;Collège;Collège Henri Bergson;;Public;Ministère chargé de l'Éducation nationale;;;27 rue Edouard Pailleron;75019;Paris;75119;;01 42 02 06 36;19;Paris;Paris;Ile-de-France;11;2,377997;48,881053;;;;;;https://upload.wikimedia.org/wikipedia/commons/e/e5/Coll%C3%A8ge_Saint_Stanislas_-_Mons_%281%29.JPG;https://vignette.wikia.nocookie.net/agk/images/7/7e/Principal_Angus.jpg;https://www.nacel.org/images/programmes/Exchange-program-in-the-USA-image2.jpg;;;;;;;;
;0751703U;19751703000015;Collège;Collège Jean Baptiste Poquelin;;Public;Ministère chargé de l'Éducation nationale;;;6 rue Molière;75001;Paris;75101;;01 42 86 60 80;1;Paris;Paris;Ile-de-France;11;2,335784;48,86494;;;;;;https://media.ouest-france.fr/v1/pictures/b40c049ea94060d9108b0ca854bd1202-bocage-virois-bientot-de-grands-travaux-au-college-maupas.jpg;https://acestoohigh.files.wordpress.com/2013/03/javier.jpg;http://mediad.publicbroadcasting.net/p/wunc/files/201412/FullSizeRender_%282%29.jpg;;;;;;;;
;0752894N;33482277200029;Collège;Collège privé Sainte-Jeanne Elisabeth;;Privé sous contrat;Ministère chargé de l'Éducation nationale;;;8 rue Maurice de la Sizeranne;75007;Paris;75107;;01 53 58 59 00;7;Paris;Paris;Ile-de-France;11;2,315248;48,846612;;;;;;https://media.ouest-france.fr/v1/pictures/0a64703c27e388b4f92b53c424ee6934-un-projet-de-mariages-haut-de-gamme-pour-sauver-le-college-de-combree.jpg;https://www.pe.com/wp-content/uploads/migration/n22/n22kmm-wprincipals0629roebinary1082132.jpg?w=620;https://study.com/cimages/multimages/16/08619177-0624-464b-8b67-b28cd61b913e_adobestock_118245338.png;;;;;;;;
;0753996L;78466218100014;Collège;Collège privé Saint-Honoré d'Eylau;;Privé sous contrat;Ministère chargé de l'Éducation nationale;;;66 avenue Raymond Poincaré;75016;Paris;75116;;01 45 53 14 15;16;Paris;Paris;Ile-de-France;11;2,285686;48,868216;;;;;;https://rcf.fr/sites/default/static.rcf.fr/radios/rcf49/banner2_061412000_1624_20052015.jpg;https://s.hdnux.com/photos/02/13/06/569782/5/1024x1024.jpg;http://cdn.neonsky.com/511d5ec04f4b0/images/_2-20110913_9506_1-1.jpg;;;;;;;;
;0752553T;19752553800017;Collège;Collège Honoré de Balzac;;Public;Ministère chargé de l'Éducation nationale;;;118 boulevard Bessières;75017;Paris;75117;;01 53 11 12 13;17;Paris;Paris;Ile-de-France;11;2,316591;48,895448;;;;;;http://www.courrierdelouest.fr/sites/courrierdelouest.fr/files/imagecache/detail/2015/11/13/photo-1447415462-441807.jpg;https://d1bdhkmqqz901h.cloudfront.net/980x653/smart/http://www.therepublic.com/wp-content/uploads/sites/6/2016/05/5616c58f99424.hires_.jpg;http://www.cdispaces.ca/files/school-furniture/movement-in-the-classroom.jpg;;;;;;;;
;0750465Y;19750465700010;Collège;Collège Lucie Aubrac;;Public;Ministère chargé de l'Éducation nationale;;;62 rue de la Fontaine-au-Roi;75011;Paris;75111;;01 48 06 84 00;11;Paris;Paris;Ile-de-France;11;2,374377;48,868325;;;;;;https://www.ouest-france.fr/sites/default/files/styles/image-900x500/public/2016/05/25/angers-deux-lycees-prives-vont-fusionner.jpg;https://easyreadernews.com/wp-content/uploads/2014/02/charles1-600x397.jpg;https://www.teachthought.com/wp-content/uploads/2014/05/tulanepublicrelations-formative-data-sources.jpg;;;;;;;;
;0752829T;19752829200018;Collège;Collège Bernard Palissy;;Public;Ministère chargé de l'Éducation nationale;;;21 rue des Petits Hôtels;75010;Paris;75110;;01 53 24 64 65;10;Paris;Paris;Ile-de-France;11;2,352682;48,877535;;;;;;http://www.wiconnect.fr/wp-content/uploads/2015/11/college.jpg;http://blackdaleschool.org/jpg/Principal%20in%20his%20Office.JPG;https://www.fairmontflyer.com/wp-content/uploads/2013/09/21st-Classroom-Final-for-Web-copy-525x350.jpg;;;;;;;;
;0753206C;78424183800035;Collège;Collège privé Sinaï;;Privé sous contrat;Ministère chargé de l'Éducation nationale;;;2 rue Tristan Tzara;75018;Paris;75118;;01 40 38 14 70;18;Paris;Paris;Ile-de-France;11;2,365936;48,894382;;;;;;https://www.orientation-education.com/files/2017-06/000-par2013460-0.jpg;https://bloximages.chicago2.vip.townnews.com/ithaca.com/content/tncms/assets/v3/editorial/e/88/e886d300-3605-11e4-8786-001a4bcf887a/540b714d9ee79.image.jpg;https://theblacksheeponline.com/wp-content/uploads/2017/01/SI-2255-classroom.detail.jpg;;;;;;;;
;0752550P;19752550400019;Collège;Collège Jean de La Fontaine;;Public;Ministère chargé de l'Éducation nationale;;;1 place de la Porte Molitor;75016;Paris;75116;;01 46 51 16 00;16;Paris;Paris;Ile-de-France;11;2,256927;48,845381;;;;;;http://assets.etudiant.lefigaro.fr/cms/pics/PHO5ac9abea-2770-11e3-a9ef-d43c3a82c8a9-805x453.jpg;http://foothilldragonpress.org/wp-content/uploads/Cohen@Deskposed-759x500.jpg;https://www.2020spaces.com/wp-content/uploads/2017/10/classroom.jpg;;;;;;;;
;0750610F;19750610800012;Collège;Collège Jules Verne;;Public;Ministère chargé de l'Éducation nationale;;;20 rue de la Brèche-aux-Loups;75012;Paris;75112;;01 44 75 74 10;12;Paris;Paris;Ile-de-France;11;2,393854;48,837338;;;;;;http://www.lycee-paul-claudel.fr/images/paulclaudel-02/photos/lycee21200x450.jpg;http://bondotti.ac.ke/wp-content/uploads/2015/08/The-Principle-Mr-Peter-Omondi-in-his-office.jpg;http://www.radioslatina.hr/wp-content/uploads/2018/01/u%C4%8Denici-osnovna-%C5%A1kola-ilustracija.jpg;;;;;;;;
;0754853T;;Collège;Collège privé Georges Leven;;Privé sous contrat;Ministère chargé de l'Éducation nationale;;;30 boulevard Carnot;75012;Paris;75112;;01 44 73 80 60;12;Paris;Paris;Ile-de-France;11;2,413;48,84376;;;;;;https://img.bfmtv.com/c/1000/600/5c9/2f46399380654dbf6659d27edc35e.jpeg;https://hilite.org/wp-content/uploads/2015/09/Beat.Photo_.jpg;http://www.designshare.com/dbadmin/upload/projects/1/502/General_Classroom_6.jpg;;;;;;;;
;0754006X;78480864400024;Collège;Collège privé Notre-Dame de Lourdes;;Privé sous contrat;Ministère chargé de l'Éducation nationale;;;16 rue Taclet;75020;Paris;75120;;01 40 30 33 75;20;Paris;Paris;Ile-de-France;11;2,397795;48,871499;;;;;;http://camilleclaudel.arsene76.fr/lectureFichiergw.do?ID_FICHIER=1261;http://www.huntingtoncountytab.com/sites/default/files/styles/scale500w/public/feature/Parsons.feature4645.jpg;https://news.virginia.edu/sites/default/files/styles/uva_basic_article/public/article_image/stree_law.jpg?itok=5rMPeL7Z.jpg;;;;;;;;
;0753982W;78454448800025;Collège;Collège La Salle - Notre-Dame de la Gare;;Privé sous contrat;Ministère chargé de l'Éducation nationale;;;20 rue de Domrémy;75013;Paris;75113;;01 45 83 53 38;13;Paris;Paris;Ile-de-France;11;2,372611;48,830145;;;;;;https://img.over-blog-kiwi.com/1/83/41/40/20170529/ob_ec964f_p1240820.JPG;http://themolokainews.com/wp-content/uploads/2010/09/dsc_0148.jpg;https://static01.nyt.com/images/2017/08/13/nyregion/13MASTERY/13MASTERY-articleLarge.jpg;;;;;;;;
;0752249M;19752249300018;Collège;Collège Jules Romains;;Public;Ministère chargé de l'Éducation nationale;;;6 rue Cler;75007;Paris;75107;;01 43 17 36 65;7;Paris;Paris;Ile-de-France;11;2,305264;48,858915;;;;;;https://cdn1-lejdd.ladmedia.fr/var/europe1/storage/images/lejdd/societe/education/colleges-le-test-qui-fait-debat-827719/36915521-2-fre-FR/Mixite-scolaire-a-Paris-le-test-qui-fait-debat.jpg;http://tamnews.org/wp-content/uploads/2012/10/LynchOnline.jpg;https://www.nacel.org/images/programmes/Exchange-program-in-the-USA-image2.jpg;;;;;;;;
;0752870M;77568804700049;Collège;Collège privé Saint-Jean de Passy;;Privé sous contrat;Ministère chargé de l'Éducation nationale;;;72 rue Raynouard;75016;Paris;75116;;01 44 30 26 00;16;Paris;Paris;Ile-de-France;11;2,278544;48,854386;;;;;;https://france3-regions.francetvinfo.fr/paris-ile-de-france/sites/regions_france3/files/styles/top_big/public/assets/images/2017/10/10/lycee_voltaire-3304343.jpg?itok=_px9fvG2;https://vignette.wikia.nocookie.net/agk/images/7/7e/Principal_Angus.jpg;http://mediad.publicbroadcasting.net/p/wunc/files/201412/FullSizeRender_%282%29.jpg;;;;;;;;
;0750607C;19750607400016;Collège;Collège Alain Fournier;;Public;Ministère chargé de l'Éducation nationale;;;87 rue Léon-Frot;75011;Paris;75111;;01 53 27 60 90;11;Paris;Paris;Ile-de-France;11;2,383947;48,858263;;;;;;https://img.lemde.fr/2016/11/28/0/0/4599/3066/534/0/60/0/d00fa13_29325-1c17u4y.jdvhpbke29.jpg;https://acestoohigh.files.wordpress.com/2013/03/javier.jpg;https://study.com/cimages/multimages/16/08619177-0624-464b-8b67-b28cd61b913e_adobestock_118245338.png;;;;;;;;
;0752913J;78425936800024;Collège;Collège privé Sévigné;;Privé sous contrat;Ministère chargé de l'Éducation nationale;;;28 rue Pierre Nicole;75005;Paris;75105;;01 53 10 14 14;5;Paris;Paris;Ile-de-France;11;2,339444;48,840714;;;;;;http://www.cours-aquila.com/wp-content/uploads/2017/06/ecole-massillon-opt.jpg;https://www.pe.com/wp-content/uploads/migration/n22/n22kmm-wprincipals0629roebinary1082132.jpg?w=620;http://cdn.neonsky.com/511d5ec04f4b0/images/_2-20110913_9506_1-1.jpg;;;;;;;;
;0754290F;77567877400198;Collège;Collège privé Ozar Hatorah;;Privé sous contrat;Ministère chargé de l'Éducation nationale;;;34 rue du Moulin Joly;75011;Paris;75111;;01 43 38 50 19;11;Paris;Paris;Ile-de-France;11;2,377898;48,870223;;;;;;https://www.fcpe75.org/wp-content/uploads/2015/12/8420678050_a748861a67_b-630x274.jpg;https://s.hdnux.com/photos/02/13/06/569782/5/1024x1024.jpg;http://www.cdispaces.ca/files/school-furniture/movement-in-the-classroom.jpg;;;;;;;;
;0753896C;30698643100014;Collège;Collège privé Sainte-Clotilde;;Privé sous contrat;Ministère chargé de l'Éducation nationale;;;103 rue de Reuilly;75012;Paris;75112;;01 55 78 24 30;12;Paris;Paris;Ile-de-France;11;2,39179;48,842979;;;;;;http://www.lefigaro.fr/medias/2008/06/19/0d2cebcc-3d6f-11dd-8237-8e9ca7223030.jpg;https://d1bdhkmqqz901h.cloudfront.net/980x653/smart/http://www.therepublic.com/wp-content/uploads/sites/6/2016/05/5616c58f99424.hires_.jpg;https://www.teachthought.com/wp-content/uploads/2014/05/tulanepublicrelations-formative-data-sources.jpg;;;;;;;;
;0752911G;78452116300039;Collège;Collège privé Eugène Napoléon Saint-Pierre Fourier;;Privé sous contrat;Ministère chargé de l'Éducation nationale;;;13 rue de Prague;75012;Paris;75112;;01 43 43 55 03;12;Paris;Paris;Ile-de-France;11;2,375847;48,849837;;;;;;http://upload.wikimedia.org/wikipedia/commons/b/b2/Facade-lyc%C3%A9e-Moli%C3%A8re%28Paris%292.jpg;https://easyreadernews.com/wp-content/uploads/2014/02/charles1-600x397.jpg;https://www.fairmontflyer.com/wp-content/uploads/2013/09/21st-Classroom-Final-for-Web-copy-525x350.jpg;;;;;;;;
;0752526N;19752526400010;Collège;Collège Henri IV;;Public;Ministère chargé de l'Éducation nationale;;;23 rue Clovis;75005;Paris;75105;;01 44 41 21 21;5;Paris;Paris;Ile-de-France;11;2,349101;48,846149;;;;;;http://lyc-jules-ferry.scola.ac-paris.fr/wp-content/uploads/2013/06/vue-jules-ferry.jpg;http://blackdaleschool.org/jpg/Principal%20in%20his%20Office.JPG;https://theblacksheeponline.com/wp-content/uploads/2017/01/SI-2255-classroom.detail.jpg;;;;;;;;
;0752896R;33485177100025;Collège;Collège privé Notre-Dame de France;;Privé sous contrat;Ministère chargé de l'Éducation nationale;;;63 rue de la Santé;75013;Paris;75113;;01 44 08 69 70;13;Paris;Paris;Ile-de-France;11;2,341343;48,833504;;;;;;http://www.lefigaro.fr/medias/2014/12/10/PHOf96a848e-808b-11e4-ad27-066f74d5e4d5-805x453.jpg;https://bloximages.chicago2.vip.townnews.com/ithaca.com/content/tncms/assets/v3/editorial/e/88/e886d300-3605-11e4-8786-001a4bcf887a/540b714d9ee79.image.jpg;https://www.2020spaces.com/wp-content/uploads/2017/10/classroom.jpg;;;;;;;;
;0753047E;19753047000016;Collège;Collège la Grange aux Belles;;Public;Ministère chargé de l'Éducation nationale;;;158 quai de Jemmapes;75010;Paris;75110;;01 42 08 75 30;10;Paris;Paris;Ile-de-France;11;2,366754;48,878416;;;;;;http://ekladata.com/1xmNQB7CHnamoHwzw1yXInWKnps.jpg;http://foothilldragonpress.org/wp-content/uploads/Cohen@Deskposed-759x500.jpg;http://www.radioslatina.hr/wp-content/uploads/2018/01/u%C4%8Denici-osnovna-%C5%A1kola-ilustracija.jpg;;;;;;;;
;0752527P;19752527200013;Collège;Collège Montaigne;;Public;Ministère chargé de l'Éducation nationale;;;17 rue Auguste Comte;75006;Paris;75106;;01 44 41 83 23;6;Paris;Paris;Ile-de-France;11;2,333176;48,844382;;;;;;https://upload.wikimedia.org/wikipedia/commons/6/6e/Coll%C3%A8ge_S%C3%A9vign%C3%A9_Paris.JPG;http://bondotti.ac.ke/wp-content/uploads/2015/08/The-Principle-Mr-Peter-Omondi-in-his-office.jpg;http://www.designshare.com/dbadmin/upload/projects/1/502/General_Classroom_6.jpg;;;;;;;;
;0751791P;19751791500017;Collège;Collège Condorcet;;Public;Ministère chargé de l'Éducation nationale;;;61 rue d'Amsterdam;75008;Paris;75108;;01 53 20 69 20;8;Paris;Paris;Ile-de-France;11;2,327043;48,880946;;;;;;https://www.marianne.net/sites/default/files/styles/mrn_article_large/public/imported/13434-100248408.jpg?itok=NfMQOU9_;https://hilite.org/wp-content/uploads/2015/09/Beat.Photo_.jpg;https://news.virginia.edu/sites/default/files/styles/uva_basic_article/public/article_image/stree_law.jpg?itok=5rMPeL7Z.jpg;;;;;;;;
;0752900V;57222293300069;Collège;Collège privé Stanislas;;Privé sous contrat;Ministère chargé de l'Éducation nationale;;;22 rue Notre-Dame des Champs;75006;Paris;75106;;01 42 84 88 00;6;Paris;Paris;Ile-de-France;11;2,327746;48,845719;;;;;;http://www.cbbm.fr/wp-content/uploads/CBBM_Projet_college_anatole_FRANCE_01.jpg;http://www.huntingtoncountytab.com/sites/default/files/styles/scale500w/public/feature/Parsons.feature4645.jpg;https://static01.nyt.com/images/2017/08/13/nyregion/13MASTERY/13MASTERY-articleLarge.jpg;;;;;;;;
;0752524L;19752524900011;Collège;Collège Victor Hugo;;Public;Ministère chargé de l'Éducation nationale;;;27 rue de Sévigné;75003;Paris;75103;;01 49 96 41 80;3;Paris;Paris;Ile-de-France;11;2,363467;48,857788;;;;;;https://cdn.radiofrance.fr/s3/cruiser-production/2015/10/c2ad7ea9-c0d6-4f89-9a36-ca6091d33317/870x489_montaigne.jpg;http://themolokainews.com/wp-content/uploads/2010/09/dsc_0148.jpg;https://www.nacel.org/images/programmes/Exchange-program-in-the-USA-image2.jpg;;;;;;;;
;0752548M;19752548800015;Collège;Collège Janson de Sailly;;Public;Ministère chargé de l'Éducation nationale;;;106 rue de la Pompe;75016;Paris;75116;;01 55 73 28 00;16;Paris;Paris;Ile-de-France;11;2,279447;48,865689;;;;;;https://heuredupeuple.fr/wp-content/uploads/2018/02/Lyc%C3%A9e_H%C3%A9l%C3%A8ne-Boucher_2.jpg;http://tamnews.org/wp-content/uploads/2012/10/LynchOnline.jpg;http://mediad.publicbroadcasting.net/p/wunc/files/201412/FullSizeRender_%282%29.jpg;;;;;;;;
;0752912H;32365825200024;Collège;Collège privé de l'Alma;;Privé sous contrat;Ministère chargé de l'Éducation nationale;;;12 avenue Bosquet;75007;Paris;75107;;01 44 18 62 82;7;Paris;Paris;Ile-de-France;11;2,302672;48,860114;;;;;;https://www.francetvinfo.fr/image/759smiibd-c1c0/1200/450/10716897.jpg;https://vignette.wikia.nocookie.net/agk/images/7/7e/Principal_Angus.jpg;https://study.com/cimages/multimages/16/08619177-0624-464b-8b67-b28cd61b913e_adobestock_118245338.png;;;;;;;;
;0753387Z;77567829500178;Collège;Collège privé Beth Yacov;;Privé sous contrat;Ministère chargé de l'Éducation nationale;;;50 bis rue des Prairies;75020;Paris;75120;;01 43 66 35 27;20;Paris;Paris;Ile-de-France;11;2,40235;48,863208;;;;;;http://www.quackenbusharchitects.com/media/_versions/projects/4042-02_project_image_slider.jpg;https://acestoohigh.files.wordpress.com/2013/03/javier.jpg;http://cdn.neonsky.com/511d5ec04f4b0/images/_2-20110913_9506_1-1.jpg;;;;;;;;
;0750575T;19750575300024;Collège;Collège Sonia Delaunay;;Public;Ministère chargé de l'Éducation nationale;;;14 rue Euryale Dehaynin;75019;Paris;75119;;01 42 08 38 33;19;Paris;Paris;Ile-de-France;11;2,378109;48,885925;;;;;;https://www.ouest-france.fr/sites/default/files/styles/image-640x360/public/2016/09/01/le-college-de-pontchateau-fait-sa-premiere-rentree.jpg;https://www.pe.com/wp-content/uploads/migration/n22/n22kmm-wprincipals0629roebinary1082132.jpg?w=620;http://www.cdispaces.ca/files/school-furniture/movement-in-the-classroom.jpg;;;;;;;;
;0752895P;77568012700047;Collège;Collège privé Charles Péguy;;Privé sous contrat;Ministère chargé de l'Éducation nationale;;;54 avenue de la République;75011;Paris;75111;;01 48 05 16 47;11;Paris;Paris;Ile-de-France;11;2,376012;48,864998;;;;;;https://img.20mn.fr/nITyQolVT36AStwl8f5RzQ/830x532-51x51_nouveau-lycee-carquefou;https://s.hdnux.com/photos/02/13/06/569782/5/1024x1024.jpg;https://www.teachthought.com/wp-content/uploads/2014/05/tulanepublicrelations-formative-data-sources.jpg;;;;;;;;
;0753978S;78449033600020;Collège;Collège privé Saint-Ambroise;;Privé sous contrat;Ministère chargé de l'Éducation nationale;;;11 passage Saint Ambroise;75011;Paris;75111;;01 47 00 79 12;11;Paris;Paris;Ile-de-France;11;2,377181;48,863581;;;;;;https://www.seine-saint-denis.fr/IMG/jpg/anatolefrance720.jpg;https://d1bdhkmqqz901h.cloudfront.net/980x653/smart/http://www.therepublic.com/wp-content/uploads/sites/6/2016/05/5616c58f99424.hires_.jpg;https://www.fairmontflyer.com/wp-content/uploads/2013/09/21st-Classroom-Final-for-Web-copy-525x350.jpg;;;;;;;;
;0750445B;19750445900029;Collège;Collège Alberto Giacometti;;Public;Ministère chargé de l'Éducation nationale;;;7 rue du Cange;75014;Paris;75114;;01 44 12 60 20;14;Paris;Paris;Ile-de-France;11;2,3148284;48,8342298;;;;;;http://www.architexgroup.com/uploaded/projects/38/38-.JPG;https://easyreadernews.com/wp-content/uploads/2014/02/charles1-600x397.jpg;https://theblacksheeponline.com/wp-content/uploads/2017/01/SI-2255-classroom.detail.jpg;;;;;;;;
;0754528P;19750528200016;Collège;Collège Pilâtre de Rozier;;Public;Ministère chargé de l'Éducation nationale;;;11 rue Bouvier;75011;Paris;75111;;01 43 56 74 51;11;Paris;Paris;Ile-de-France;11;2,3867155;48,8525614;;;;;;http://0930089s.wordpress.itslearningfr1.bitnamiapp.com/wp-content/uploads/sites/13/2015/09/IMG_3374_-_copiemod.jpg;http://blackdaleschool.org/jpg/Principal%20in%20his%20Office.JPG;https://www.2020spaces.com/wp-content/uploads/2017/10/classroom.jpg;;;;;;;;
;0752387M;19752387100014;Collège;Collège André Malraux;;Public;Ministère chargé de l'Éducation nationale;;;5 bis rue Saint-Ferdinand;75017;Paris;75117;;01 45 74 49 15;17;Paris;Paris;Ile-de-France;11;2,290916;48,879049;;;;;;https://images.lanouvellerepublique.fr/image/upload/t_1020w/58c326fb489a4510798b4ad2.jpg;https://bloximages.chicago2.vip.townnews.com/ithaca.com/content/tncms/assets/v3/editorial/e/88/e886d300-3605-11e4-8786-001a4bcf887a/540b714d9ee79.image.jpg;http://www.radioslatina.hr/wp-content/uploads/2018/01/u%C4%8Denici-osnovna-%C5%A1kola-ilustracija.jpg;;;;;;;;
;0754253R;19754253300017;Collège;Collège Saint-Exupéry;;Public;Ministère chargé de l'Éducation nationale;;;89 boulevard Arago;75014;Paris;75114;;01 43 31 66 98;14;Paris;Paris;Ile-de-France;11;2,335393;48,834515;;;;;;https://static.actu.fr/uploads/2017/12/25583-171226155822825-0-854x569.jpg;http://foothilldragonpress.org/wp-content/uploads/Cohen@Deskposed-759x500.jpg;http://www.designshare.com/dbadmin/upload/projects/1/502/General_Classroom_6.jpg;;;;;;;;
;0752935H;33086327500047;Collège;Collège privé Ecole active bilingue Jeannine Manuel;;Privé sous contrat;Ministère chargé de l'Éducation nationale;;;70 rue du Théâtre;75015;Paris;75115;;01 44 37 00 80;15;Paris;Paris;Ile-de-France;11;2,291141;48,847691;;;;;;http://www.mondedelabible.com/wp-content/uploads/2018/05/Coll%C3%A8ge_de_France.jpg;http://bondotti.ac.ke/wp-content/uploads/2015/08/The-Principle-Mr-Peter-Omondi-in-his-office.jpg;https://news.virginia.edu/sites/default/files/styles/uva_basic_article/public/article_image/stree_law.jpg?itok=5rMPeL7Z.jpg;;;;;;;;
;0753985Z;78454446200020;Collège;Collège privé Sainte-Marie;;Privé sous contrat;Ministère chargé de l'Éducation nationale;;;49 rue Bobillot;75013;Paris;75113;;01 45 80 77 90;13;Paris;Paris;Ile-de-France;11;2,351993;48,827394;;;;;;http://cdn.batiweb.com/i/actualites/24919/college-international-noisy-le-grand.jpg;https://hilite.org/wp-content/uploads/2015/09/Beat.Photo_.jpg;https://static01.nyt.com/images/2017/08/13/nyregion/13MASTERY/13MASTERY-articleLarge.jpg;;;;;;;;
;0752108J;19752108100012;Collège;Collège Yvonne le Tac;;Public;Ministère chargé de l'Éducation nationale;;;7 rue Yvonne le Tac;75018;Paris;75118;;01 46 06 09 40;18;Paris;Paris;Ile-de-France;11;2,34068;48,884068;;;;;;http://www.studying-in-france.org/wp-content/uploads/2013/07/versailles-94571.jpg;http://www.huntingtoncountytab.com/sites/default/files/styles/scale500w/public/feature/Parsons.feature4645.jpg;https://www.nacel.org/images/programmes/Exchange-program-in-the-USA-image2.jpg;;;;;;;;
;0750550R;19750550600018;Collège;Collège Lucie Faure;;Public;Ministère chargé de l'Éducation nationale;;;40 rue des Pyrénées;75020;Paris;75120;;01 58 39 34 70;20;Paris;Paris;Ile-de-France;11;2,406353;48,85065;;;;;;https://upload.wikimedia.org/wikipedia/commons/thumb/8/8f/Lyc%C3%A9e-Claude-Bernard-1.jpg/1200px-Lyc%C3%A9e-Claude-Bernard-1.jpg;http://themolokainews.com/wp-content/uploads/2010/09/dsc_0148.jpg;http://mediad.publicbroadcasting.net/p/wunc/files/201412/FullSizeRender_%282%29.jpg;;;;;;;;
;0751707Y;19751707100019;Collège;Collège Edouard Pailleron;;Public;Ministère chargé de l'Éducation nationale;;;33 rue Edouard Pailleron;75019;Paris;75119;;01 42 00 17 00;19;Paris;Paris;Ile-de-France;11;2,3788399;48,8812045;;;;;;https://upload.wikimedia.org/wikipedia/commons/thumb/e/ec/Stan_4.jpg/1200px-Stan_4.jpg;http://tamnews.org/wp-content/uploads/2012/10/LynchOnline.jpg;https://study.com/cimages/multimages/16/08619177-0624-464b-8b67-b28cd61b913e_adobestock_118245338.png;;;;;;;;
;0752107H;19752107300019;Collège;Collège Pierre de Ronsard;;Public;Ministère chargé de l'Éducation nationale;;;140 avenue de Wagram;75017;Paris;75117;;01 47 63 16 17;17;Paris;Paris;Ile-de-France;11;2,303918;48,885985;;;;;;https://www.college-ronsard.net/s/cc_images/cache_29160894.JPG;https://vignette.wikia.nocookie.net/agk/images/7/7e/Principal_Angus.jpg;http://cdn.neonsky.com/511d5ec04f4b0/images/_2-20110913_9506_1-1.jpg;;;;;;;;